domain,emails_count,names_count,emails,names
jaxgcc.com,0,0,,
venue1824.com,1,0,events@venue1824.com,
melbournevillage.org,4,0,deputyclerk@melbournevillage.org; officemanager@melbournevillage.org; publicworks@melbournevillage.org; townclerk@melbournevillage.org,
bonitaranch.com,1,0,b@bonitaranch.com,
fieldmanor.org,3,0,fieldmanor@gmail.com; k.braden@fieldmanor.org; t.jones@fieldmanor.org,
miabellagardens.com,1,0,events.info@miabellagardens.com,
colonyclub.com,0,0,,
theoldfloridahouse.com,1,0,hello@theoldfloridahouse.com,
indianriverqueen.com,1,0,indianriverqueen@gmail.com,
drphillipshouse.com,0,0,,
carolinesvoice.com,2,0,info@carolinesvoice.com; lessonswithdaisy@gmail.com,
cocoarockledgegardenclub.com,2,1,crgardenclub@gmail.com; yateslg@gmail.com,Rockledge Garden Club
bendingbranchranch.com,3,0,bendingbranchranch@gmail.com; cariestarkey@gmail.com; millerbartending386@gmail.com,
blackandwhitevenue.com,1,0,info@blackandwhitevenue.com,
pritchardhouse.com,0,0,,
thevineyardsatblackwillow.com,0,0,,
egyachtclub.com,0,0,,
livingsculpturesanctuary.com,1,0,info@livingsculpturesanctuary.com,
crystalballroomfortlauderdale.com,1,0,eventplanning@crystalballroomfortlauderdale.com,
tikisunsetretreat.com,1,0,info@tikisunsetretreat.com,
ftldowntowneventcenter.com,1,0,info@ftldowntowneventcenter.com,
thegratefulpalate.com,1,0,catering@thegratefulpalate.com,
fabiolasvenue.com,0,0,,
venuesoftropicalparadise.com,0,0,,
blushluxuryvenue.com,1,0,customerservice@blushluxuryvenue.com,
thebamboogallery.com,2,0,info@thebamboogallery.com; rick@thebamboogallery.com,
mermaidbeachweddings.com,0,0,,
saintpatrickpalace.com,1,0,info@saintpatrickpalace.com,
instagram.com,0,0,,
bonnethouse.org,0,0,,
ritzcarlton.com,0,0,,
thehouseontheriver.com,0,0,,
thesuiteone.com,1,0,bookings@thesuiteone.com,
